"topic","question","format","optionA","optionB","optionC","optionD","correctAnswer","marks","negativeMarks","timeLimitSec","difficulty","tags","explanation","syllabusVersion","objectiveCode","answerValidationMethod","answerValidationReference","distractorReviewNote"
"Git snapshots and inspection","A tracked file has edits in the working tree but has not been staged. Which command shows those unstaged changes?","mcq_single","git log -p","git diff --staged","git diff","git show HEAD","C","1","0","60","easy","git,diff,working-tree","git diff compares the working tree with the index by default, so it shows tracked changes that have not been staged.","OCT-GLDW-2026.1","GLDW-GSI-01","primary_source","https://git-scm.com/docs/git-diff","Author checked all three distractors against GLDW-GSI-01 and the cited primary documentation; each describes a different command, state, stream, or unsafe workflow and is not an alternate correct answer."
"Git snapshots and inspection","Which command stages only the file src/app.js for the next commit?","mcq_single","git commit src/app.js","git track src/app.js","git push src/app.js","git add src/app.js","D","1","0","60","easy","git,index,staging","git add updates the index with the selected path; a later commit records the staged content.","OCT-GLDW-2026.1","GLDW-GSI-02","primary_source","https://git-scm.com/docs/git-add","Author checked all three distractors against GLDW-GSI-02 and the cited primary documentation; each describes a different command, state, stream, or unsafe workflow and is not an alternate correct answer."
"Git snapshots and inspection","A developer wants to inspect changes already staged for the next commit. Which command is appropriate?","mcq_single","git status --short HEAD~1","git diff --no-index","git show --worktree","git diff --staged","D","1","0","60","easy","git,diff,index","git diff --staged compares the index with HEAD and displays the changes prepared for the next commit.","OCT-GLDW-2026.1","GLDW-GSI-03","primary_source","https://git-scm.com/docs/git-diff","Author checked all three distractors against GLDW-GSI-03 and the cited primary documentation; each describes a different command, state, stream, or unsafe workflow and is not an alternate correct answer."
"Git snapshots and inspection","What does a Git commit primarily record?","mcq_single","A copy of the remote repository settings","A snapshot of the staged project state plus metadata","Only the lines changed since the previous commit","Every untracked file anywhere on the computer","B","1","0","60","easy","git,commit,index","A commit records a project snapshot derived from the index, together with metadata such as author, time and message.","OCT-GLDW-2026.1","GLDW-GSI-04","primary_source","https://git-scm.com/docs/git-commit","Author checked all three distractors against GLDW-GSI-04 and the cited primary documentation; each describes a different command, state, stream, or unsafe workflow and is not an alternate correct answer."
"Git snapshots and inspection","Which command gives a concise view of the current branch and the state of tracked, staged and untracked files?","mcq_single","git archive","git status","git describe","git verify-pack","B","1","0","60","easy","git,status,working-tree","git status reports branch and working-tree/index state without changing repository content.","OCT-GLDW-2026.1","GLDW-GSI-05","primary_source","https://git-scm.com/docs/git-status","Author checked all three distractors against GLDW-GSI-05 and the cited primary documentation; each describes a different command, state, stream, or unsafe workflow and is not an alternate correct answer."
"Git snapshots and inspection","A file is listed by git status as untracked. What does that mean?","mcq_single","It was deleted from every commit in the repository","Git has staged it automatically","It is tracked only on the remote","It exists in the working tree but is not in the index or a commit","D","1","0","60","easy","git,untracked,index","An untracked file exists locally but Git has not been instructed to include it in the index.","OCT-GLDW-2026.1","GLDW-GSI-06","primary_source","https://git-scm.com/docs/git-status","Author checked all three distractors against GLDW-GSI-06 and the cited primary documentation; each describes a different command, state, stream, or unsafe workflow and is not an alternate correct answer."
"Git snapshots and inspection","Which command displays the commit and patch represented by HEAD without changing files?","mcq_single","git reset HEAD","git show HEAD","git restore HEAD","git clean HEAD","B","1","0","60","medium","git,show,inspection","git show displays an object; for a commit it includes commit metadata and its patch by default.","OCT-GLDW-2026.1","GLDW-GSI-07","primary_source","https://git-scm.com/docs/git-show","Author checked all three distractors against GLDW-GSI-07 and the cited primary documentation; each describes a different command, state, stream, or unsafe workflow and is not an alternate correct answer."
"Git snapshots and inspection","A developer staged a secret.env file by mistake but wants to keep the local file unchanged. Which command removes it from the index for the next commit?","mcq_single","git restore --staged secret.env","git restore secret.env","git clean -f secret.env","git revert secret.env","A","1","0","75","medium","git,restore,index,safety","git restore --staged updates the index entry while leaving the working-tree file in place.","OCT-GLDW-2026.1","GLDW-GSI-08","primary_source","https://git-scm.com/docs/git-restore","Author checked all three distractors against GLDW-GSI-08 and the cited primary documentation; each describes a different command, state, stream, or unsafe workflow and is not an alternate correct answer."
"Git snapshots and inspection","Which statement about .gitignore is correct?","mcq_single","It blocks matching files from being read by the operating system","It removes matching files already stored in all commits","It encrypts matching files before commit","It prevents matching untracked paths from being considered for ordinary adds","D","1","0","75","medium","git,gitignore,untracked","Ignore rules normally affect untracked paths; a file already tracked must be removed from the index separately if it should stop being tracked.","OCT-GLDW-2026.1","GLDW-GSI-09","primary_source","https://git-scm.com/docs/gitignore","Author checked all three distractors against GLDW-GSI-09 and the cited primary documentation; each describes a different command, state, stream, or unsafe workflow and is not an alternate correct answer."
"Git snapshots and inspection","A developer needs to find which commit last changed a particular line in config.yml. Which command is designed for that investigation?","mcq_single","git blame config.yml","git stash config.yml","git tag config.yml","git gc config.yml","A","1","0","75","medium","git,blame,history","git blame annotates file lines with the commits and authors that last changed them, supporting targeted history investigation.","OCT-GLDW-2026.1","GLDW-GSI-10","primary_source","https://git-scm.com/docs/git-blame","Author checked all three distractors against GLDW-GSI-10 and the cited primary documentation; each describes a different command, state, stream, or unsafe workflow and is not an alternate correct answer."
"Git branches and integration","What does creating a new branch normally create in Git?","mcq_single","A mandatory remote repository","A complete second copy of every repository object","A movable name pointing to a commit","A compressed archive of the working tree","C","1","0","60","easy","git,branch,refs","A branch is a reference that points to a commit and advances as new commits are made on it.","OCT-GLDW-2026.1","GLDW-GBI-01","primary_source","https://git-scm.com/docs/git-branch","Author checked all three distractors against GLDW-GBI-01 and the cited primary documentation; each describes a different command, state, stream, or unsafe workflow and is not an alternate correct answer."
"Git branches and integration","Which command creates and switches to a new branch named feature/login?","mcq_single","git switch -c feature/login","git branch --delete feature/login","git merge feature/login","git tag -f feature/login","A","1","0","60","easy","git,branch,switch","git switch -c creates the named branch at the current start point and switches HEAD to it.","OCT-GLDW-2026.1","GLDW-GBI-02","primary_source","https://git-scm.com/docs/git-switch","Author checked all three distractors against GLDW-GBI-02 and the cited primary documentation; each describes a different command, state, stream, or unsafe workflow and is not an alternate correct answer."
"Git branches and integration","When can Git perform a fast-forward integration?","mcq_single","When the current branch tip is an ancestor of the branch being integrated","Whenever both branches changed the same line","Only when the repository has no remote","Only after deleting the current branch","A","1","0","75","medium","git,merge,fast-forward","If the current tip is already an ancestor, Git can move the branch reference forward without creating a merge commit.","OCT-GLDW-2026.1","GLDW-GBI-03","primary_source","https://git-scm.com/docs/git-merge","Author checked all three distractors against GLDW-GBI-03 and the cited primary documentation; each describes a different command, state, stream, or unsafe workflow and is not an alternate correct answer."
"Git branches and integration","A merge stops with conflict markers in app.ts. What is the correct completion sequence after choosing the desired content?","mcq_single","Delete the .git directory, then clone again","Push the conflict markers to let the server decide","Edit the file, stage it, then complete the merge commit","Run git clean and assume the merge completed","C","1","0","90","medium","git,merge,conflict","Conflicts require resolving the working-tree content, staging the resolution, and completing the merge.","OCT-GLDW-2026.1","GLDW-GBI-04","primary_source","https://git-scm.com/docs/git-merge","Author checked all three distractors against GLDW-GBI-04 and the cited primary documentation; each describes a different command, state, stream, or unsafe workflow and is not an alternate correct answer."
"Git branches and integration","Which command abandons an in-progress merge and attempts to return to the pre-merge state?","mcq_single","git branch --abort","git merge --publish","git commit --discard","git merge --abort","D","1","0","60","easy","git,merge,recovery","git merge --abort is the merge-specific operation for abandoning an unresolved merge.","OCT-GLDW-2026.1","GLDW-GBI-05","primary_source","https://git-scm.com/docs/git-merge","Author checked all three distractors against GLDW-GBI-05 and the cited primary documentation; each describes a different command, state, stream, or unsafe workflow and is not an alternate correct answer."
"Git branches and integration","What is the central effect of rebasing a feature branch onto main?","mcq_single","The working tree becomes read-only","The feature branch is converted into a remote","Its commits are replayed on top of the selected base, producing new commit identities","All commits on main are permanently deleted","C","1","0","90","medium","git,rebase,history","Rebase reapplies changes onto a new base; the recreated commits have different parentage and object IDs.","OCT-GLDW-2026.1","GLDW-GBI-06","primary_source","https://git-scm.com/docs/git-rebase","Author checked all three distractors against GLDW-GBI-06 and the cited primary documentation; each describes a different command, state, stream, or unsafe workflow and is not an alternate correct answer."
"Git branches and integration","Why should a team avoid rebasing commits that coworkers already use from a shared branch?","mcq_single","Rebase always deletes untracked files","Rebase disables all future merges in the repository","Rebase rewrites commit identities and can force collaborators to reconcile divergent history","Rebase changes file permissions on the server","C","1","0","90","medium","git,rebase,collaboration,safety","Rewriting shared history replaces commits, so collaborators holding the old history must perform error-prone reconciliation.","OCT-GLDW-2026.1","GLDW-GBI-07","primary_source","https://git-scm.com/docs/git-rebase","Author checked all three distractors against GLDW-GBI-07 and the cited primary documentation; each describes a different command, state, stream, or unsafe workflow and is not an alternate correct answer."
"Git branches and integration","Which command lists local branches and marks the currently checked-out branch?","mcq_single","git remote","git reflog expire","git branch","git worktree prune","C","1","0","60","easy","git,branch,inspection","With no branch name, git branch lists local branches and indicates the current one.","OCT-GLDW-2026.1","GLDW-GBI-08","primary_source","https://git-scm.com/docs/git-branch","Author checked all three distractors against GLDW-GBI-08 and the cited primary documentation; each describes a different command, state, stream, or unsafe workflow and is not an alternate correct answer."
"Git branches and integration","A release commit on main must also be applied to a maintenance branch without merging unrelated main history. Which operation best fits?","mcq_single","Force-push main over the maintenance branch","Delete and recreate the maintenance branch from main","Cherry-pick the specific commit onto the maintenance branch","Add the commit hash to .gitignore","C","1","0","90","hard","git,cherry-pick,release","Cherry-pick applies the change introduced by selected commits onto the current branch without integrating every other commit from the source branch.","OCT-GLDW-2026.1","GLDW-GBI-09","primary_source","https://git-scm.com/docs/git-cherry-pick","Author checked all three distractors against GLDW-GBI-09 and the cited primary documentation; each describes a different command, state, stream, or unsafe workflow and is not an alternate correct answer."
"Git branches and integration","Two independent branches both add different commits after their common ancestor. What kind of history results from a normal non-fast-forward merge?","mcq_single","The repository loses its common ancestor","A merge commit with both branch tips as parents","Every commit receives the same object ID","One branch is silently discarded","B","1","0","90","medium","git,merge,dag","A true merge records both histories by creating a commit with multiple parents.","OCT-GLDW-2026.1","GLDW-GBI-10","primary_source","https://git-scm.com/docs/git-merge","Author checked all three distractors against GLDW-GBI-10 and the cited primary documentation; each describes a different command, state, stream, or unsafe workflow and is not an alternate correct answer."
"Git collaboration and recovery","What does git fetch normally do?","mcq_single","Downloads remote objects and updates remote-tracking references without integrating them into the current branch","Stages every downloaded file for a local commit","Deletes local commits not present on the remote","Merges the remote branch and always creates a merge commit","A","1","0","60","easy","git,fetch,remote","Fetch updates knowledge of the remote while leaving current branch integration as a separate decision.","OCT-GLDW-2026.1","GLDW-GCR-01","primary_source","https://git-scm.com/docs/git-fetch","Author checked all three distractors against GLDW-GCR-01 and the cited primary documentation; each describes a different command, state, stream, or unsafe workflow and is not an alternate correct answer."
"Git collaboration and recovery","Which statement accurately describes git pull?","mcq_single","It uploads local commits but never downloads","It fetches and then integrates according to the configured or requested strategy","It only lists remote branches","It removes the configured upstream","B","1","0","60","easy","git,pull,remote","Pull combines fetching with an integration step such as merge or rebase.","OCT-GLDW-2026.1","GLDW-GCR-02","primary_source","https://git-scm.com/docs/git-pull","Author checked all three distractors against GLDW-GCR-02 and the cited primary documentation; each describes a different command, state, stream, or unsafe workflow and is not an alternate correct answer."
"Git collaboration and recovery","A pushed commit introduced a bug on a shared main branch. Which action best preserves shared history while undoing the change?","mcq_single","Create a revert commit for the faulty commit","Force-reset main to the previous commit","Delete the remote repository","Amend the pushed commit locally without coordinating","A","1","0","90","medium","git,revert,shared-history","Revert makes a new commit that applies the inverse change, retaining an auditable shared history.","OCT-GLDW-2026.1","GLDW-GCR-03","primary_source","https://git-scm.com/docs/git-revert","Author checked all three distractors against GLDW-GCR-03 and the cited primary documentation; each describes a different command, state, stream, or unsafe workflow and is not an alternate correct answer."
"Git collaboration and recovery","What does git push primarily attempt to update?","mcq_single","The global Git installation","References in a remote repository, while transferring required objects","The local working tree permissions","Only the local index","B","1","0","60","easy","git,push,remote","Push transfers objects and asks the remote to update selected references, subject to server and fast-forward rules.","OCT-GLDW-2026.1","GLDW-GCR-04","primary_source","https://git-scm.com/docs/git-push","Author checked all three distractors against GLDW-GCR-04 and the cited primary documentation; each describes a different command, state, stream, or unsafe workflow and is not an alternate correct answer."
"Git collaboration and recovery","A normal push is rejected because the remote branch contains work not present locally. What is the safest general next step?","mcq_single","Change the file timestamps and retry","Immediately force-push without inspecting","Delete the local .git directory","Fetch the remote work, inspect and integrate it, test, then push","D","1","0","90","medium","git,push,collaboration,safety","A non-fast-forward rejection protects remote work; integrate and validate that work before trying again.","OCT-GLDW-2026.1","GLDW-GCR-05","primary_source","https://git-scm.com/docs/git-push","Author checked all three distractors against GLDW-GCR-05 and the cited primary documentation; each describes a different command, state, stream, or unsafe workflow and is not an alternate correct answer."
"Git collaboration and recovery","Which Git mechanism records recent movements of local references and can help locate a commit after an accidental reset?","mcq_single","The ignore file","The remote URL","The attributes file","The reflog","D","1","0","75","medium","git,reflog,recovery","The reflog records local reference updates for a retention period and often exposes the previous commit ID.","OCT-GLDW-2026.1","GLDW-GCR-06","primary_source","https://git-scm.com/docs/git-reflog","Author checked all three distractors against GLDW-GCR-06 and the cited primary documentation; each describes a different command, state, stream, or unsafe workflow and is not an alternate correct answer."
"Git collaboration and recovery","A developer has unfinished tracked and untracked work and must switch tasks temporarily. Which command includes untracked files in a new stash?","mcq_single","git stash push -u","git stash drop -u","git clean -u","git archive -u","A","1","0","75","medium","git,stash,working-tree","git stash push -u stores tracked changes and includes untracked files; ignored files require a different option.","OCT-GLDW-2026.1","GLDW-GCR-07","primary_source","https://git-scm.com/docs/git-stash","Author checked all three distractors against GLDW-GCR-07 and the cited primary documentation; each describes a different command, state, stream, or unsafe workflow and is not an alternate correct answer."
"Git collaboration and recovery","What is the difference between git stash apply and git stash pop when application succeeds?","mcq_single","There is no behavioral difference","apply keeps the stash entry; pop removes it after applying","apply stages every file; pop never changes files","apply pushes to a remote; pop creates a branch","B","1","0","75","medium","git,stash,recovery","Both can restore stashed changes, but pop also drops the successfully applied stash entry.","OCT-GLDW-2026.1","GLDW-GCR-08","primary_source","https://git-scm.com/docs/git-stash","Author checked all three distractors against GLDW-GCR-08 and the cited primary documentation; each describes a different command, state, stream, or unsafe workflow and is not an alternate correct answer."
"Git collaboration and recovery","Which command creates a local repository by copying an existing repository and configuring its source as a remote?","mcq_single","git copy --history","git init --remote-only","git fork","git clone","D","1","0","60","easy","git,clone,remote","git clone creates a working repository from an existing one and normally configures origin to reference the source.","OCT-GLDW-2026.1","GLDW-GCR-09","primary_source","https://git-scm.com/docs/git-clone","Author checked all three distractors against GLDW-GCR-09 and the cited primary documentation; each describes a different command, state, stream, or unsafe workflow and is not an alternate correct answer."
"Git collaboration and recovery","Why is git push --force-with-lease generally safer than plain --force during coordinated history rewriting?","mcq_single","It guarantees tests have passed before pushing","It converts rewritten commits into merge commits","It encrypts all repository objects","It refuses the update when the remote reference differs from the expected value","D","1","0","90","hard","git,push,force-with-lease,safety","The lease checks that the remote is still at the expected state, reducing the risk of overwriting unseen collaborator work.","OCT-GLDW-2026.1","GLDW-GCR-10","primary_source","https://git-scm.com/docs/git-push","Author checked all three distractors against GLDW-GCR-10 and the cited primary documentation; each describes a different command, state, stream, or unsafe workflow and is not an alternate correct answer."
"Shell execution and redirection","In Bash, what does a zero command exit status conventionally indicate?","mcq_single","The process was forcibly killed","Successful completion","A syntax error in every case","Standard output was empty","B","1","0","60","easy","linux,bash,exit-status","Unix commands conventionally use zero for success and nonzero values to distinguish failure conditions.","OCT-GLDW-2026.1","GLDW-SER-01","primary_source","https://www.gnu.org/software/bash/manual/html_node/Exit-Status.html","Author checked all three distractors against GLDW-SER-01 and the cited primary documentation; each describes a different command, state, stream, or unsafe workflow and is not an alternate correct answer."
"Shell execution and redirection","Which operator runs the second command only if the first command succeeds?","mcq_single","&&","||",";","&","A","1","0","60","easy","linux,bash,control-operators","The AND list operator evaluates the following command only when the preceding command returns success.","OCT-GLDW-2026.1","GLDW-SER-02","primary_source","https://www.gnu.org/software/bash/manual/html_node/Lists.html","Author checked all three distractors against GLDW-SER-02 and the cited primary documentation; each describes a different command, state, stream, or unsafe workflow and is not an alternate correct answer."
"Shell execution and redirection","Which operator runs a fallback command only when the preceding command fails?","mcq_single","|","&&","||",";;","C","1","0","60","easy","linux,bash,control-operators","The OR list operator evaluates the following command when the preceding command returns a nonzero status.","OCT-GLDW-2026.1","GLDW-SER-03","primary_source","https://www.gnu.org/software/bash/manual/html_node/Lists.html","Author checked all three distractors against GLDW-SER-03 and the cited primary documentation; each describes a different command, state, stream, or unsafe workflow and is not an alternate correct answer."
"Shell execution and redirection","What does the pipeline command producer | consumer connect?","mcq_single","The standard error of both commands to /dev/null","The exit codes into one integer variable","The filesystems of two servers","The standard output of producer to the standard input of consumer","D","1","0","60","easy","linux,bash,pipeline","A pipe carries producer standard output to consumer standard input unless additional redirection changes the endpoints.","OCT-GLDW-2026.1","GLDW-SER-04","primary_source","https://www.gnu.org/software/bash/manual/html_node/Pipelines.html","Author checked all three distractors against GLDW-SER-04 and the cited primary documentation; each describes a different command, state, stream, or unsafe workflow and is not an alternate correct answer."
"Shell execution and redirection","Which redirection replaces report.txt with standard output from a command?","mcq_single","command < report.txt","command >> report.txt","command 2< report.txt","command > report.txt","D","1","0","60","easy","linux,bash,redirection","The > operator opens the output file for writing and truncates it before directing standard output there.","OCT-GLDW-2026.1","GLDW-SER-05","primary_source","https://www.gnu.org/software/bash/manual/html_node/Redirections.html","Author checked all three distractors against GLDW-SER-05 and the cited primary documentation; each describes a different command, state, stream, or unsafe workflow and is not an alternate correct answer."
"Shell execution and redirection","Which redirection appends standard output without truncating an existing log file?","mcq_single","command >> app.log","command > app.log","command < app.log","command 2> app.log","A","1","0","60","easy","linux,bash,redirection,logs","The >> operator opens the target in append mode for standard output.","OCT-GLDW-2026.1","GLDW-SER-06","primary_source","https://www.gnu.org/software/bash/manual/html_node/Redirections.html","Author checked all three distractors against GLDW-SER-06 and the cited primary documentation; each describes a different command, state, stream, or unsafe workflow and is not an alternate correct answer."
"Shell execution and redirection","Which form sends only standard error from command to errors.log?","mcq_single","command | errors.log","command > errors.log","command < errors.log","command 2> errors.log","D","1","0","60","easy","linux,bash,stderr,redirection","File descriptor 2 is standard error, so 2> redirects that stream.","OCT-GLDW-2026.1","GLDW-SER-07","primary_source","https://www.gnu.org/software/bash/manual/html_node/Redirections.html","Author checked all three distractors against GLDW-SER-07 and the cited primary documentation; each describes a different command, state, stream, or unsafe workflow and is not an alternate correct answer."
"Shell execution and redirection","Why should a variable expansion that represents one path usually be quoted as `$path`?","mcq_single","Quoting makes the path executable","Quoting sends the value to standard error","Quoting changes the file owner","Quoting prevents word splitting and pathname expansion of the expanded value","D","1","0","75","medium","linux,bash,quoting,safety","Double quotes preserve the expanded value as one argument while still allowing variable expansion.","OCT-GLDW-2026.1","GLDW-SER-08","primary_source","https://www.gnu.org/software/bash/manual/html_node/Double-Quotes.html","Author checked all three distractors against GLDW-SER-08 and the cited primary documentation; each describes a different command, state, stream, or unsafe workflow and is not an alternate correct answer."
"Shell execution and redirection","A script begins with #!/usr/bin/env bash. What role does this first line serve when the file is executed directly?","mcq_single","It changes the current working directory","It grants execute permission","It installs Bash if missing","It selects an interpreter through env","D","1","0","75","medium","linux,bash,shebang","The kernel recognizes the shebang and invokes the specified interpreter mechanism; permissions are managed separately.","OCT-GLDW-2026.1","GLDW-SER-09","primary_source","https://man7.org/linux/man-pages/man2/execve.2.html","Author checked all three distractors against GLDW-SER-09 and the cited primary documentation; each describes a different command, state, stream, or unsafe workflow and is not an alternate correct answer."
"Shell execution and redirection","In Bash, what does $(command) do inside another command line?","mcq_single","Redirects command output to a file named $","Runs command and substitutes its standard output","Substitutes the command's process ID","Runs command only after logout","B","1","0","75","medium","linux,bash,command-substitution","Command substitution executes the enclosed command and replaces the construct with its output after trailing newlines are removed.","OCT-GLDW-2026.1","GLDW-SER-10","primary_source","https://www.gnu.org/software/bash/manual/html_node/Command-Substitution.html","Author checked all three distractors against GLDW-SER-10 and the cited primary documentation; each describes a different command, state, stream, or unsafe workflow and is not an alternate correct answer."
"Files and permissions","In an ls -l mode string, what does the execute bit on a regular script file allow?","mcq_single","The file can no longer be read","The file is automatically run at boot","The file contents become encrypted","The file may be invoked as a program when other access conditions permit","D","1","0","60","easy","linux,permissions,execute","Execute permission permits program invocation; interpreter availability and directory traversal permissions still matter.","OCT-GLDW-2026.1","GLDW-FPR-01","primary_source","https://www.gnu.org/software/coreutils/manual/html_node/Mode-Structure.html","Author checked all three distractors against GLDW-FPR-01 and the cited primary documentation; each describes a different command, state, stream, or unsafe workflow and is not an alternate correct answer."
"Files and permissions","What permissions does chmod 640 notes.txt set for owner, group and others?","mcq_single","Owner read, group write, others execute","Everyone read/write","Owner read/write, group read, others none","Owner execute only, everyone else read","C","1","0","75","medium","linux,chmod,permissions","Octal 6 is read plus write, 4 is read, and 0 grants no permissions.","OCT-GLDW-2026.1","GLDW-FPR-02","primary_source","https://www.gnu.org/software/coreutils/manual/html_node/Numeric-Modes.html","Author checked all three distractors against GLDW-FPR-02 and the cited primary documentation; each describes a different command, state, stream, or unsafe workflow and is not an alternate correct answer."
"Files and permissions","Which command changes the owner of build.log to user deploy?","mcq_single","chgrp deploy build.log","chmod deploy build.log","chown deploy build.log","passwd deploy build.log","C","1","0","60","easy","linux,chown,ownership","chown changes file ownership; appropriate privileges are required.","OCT-GLDW-2026.1","GLDW-FPR-03","primary_source","https://www.gnu.org/software/coreutils/manual/html_node/chown-invocation.html","Author checked all three distractors against GLDW-FPR-03 and the cited primary documentation; each describes a different command, state, stream, or unsafe workflow and is not an alternate correct answer."
"Files and permissions","A user has read permission on a directory but lacks execute permission on it. What important operation is prevented?","mcq_single","Viewing the current system time","Reading the directory's stored list in every circumstance","Traversing the directory to access entries by name","Changing an unrelated file elsewhere","C","1","0","90","hard","linux,directories,permissions","Directory execute permission controls search or traversal through that directory; read permission controls listing names.","OCT-GLDW-2026.1","GLDW-FPR-04","primary_source","https://man7.org/linux/man-pages/man7/path_resolution.7.html","Author checked all three distractors against GLDW-FPR-04 and the cited primary documentation; each describes a different command, state, stream, or unsafe workflow and is not an alternate correct answer."
"Files and permissions","What is a symbolic link?","mcq_single","A second directory entry for the same inode in all cases","A filesystem object that stores a path reference to another location","A compressed copy of a file","A permission rule stored in /etc/passwd","B","1","0","60","easy","linux,filesystem,symlink","A symbolic link contains a pathname that is resolved when accessed and may cross filesystem boundaries.","OCT-GLDW-2026.1","GLDW-FPR-05","primary_source","https://man7.org/linux/man-pages/man7/symlink.7.html","Author checked all three distractors against GLDW-FPR-05 and the cited primary documentation; each describes a different command, state, stream, or unsafe workflow and is not an alternate correct answer."
"Files and permissions","Which property distinguishes a hard link from a symbolic link?","mcq_single","A hard link always points by an absolute pathname","A hard link stores a network URL","A hard link can only target directories for ordinary users","A hard link is another directory entry for the same inode","D","1","0","75","medium","linux,filesystem,hard-link","Hard-linked names refer to the same inode and file data, subject to filesystem and directory restrictions.","OCT-GLDW-2026.1","GLDW-FPR-06","primary_source","https://man7.org/linux/man-pages/man2/link.2.html","Author checked all three distractors against GLDW-FPR-06 and the cited primary documentation; each describes a different command, state, stream, or unsafe workflow and is not an alternate correct answer."
"Files and permissions","Which command creates parent directories as needed for the path build/output/assets?","mcq_single","cp -f build/output/assets","mkdir -p build/output/assets","touch -r build/output/assets","pwd -p build/output/assets","B","1","0","60","easy","linux,mkdir,filesystem","mkdir -p creates missing parent components and does not fail merely because an existing directory is present.","OCT-GLDW-2026.1","GLDW-FPR-07","primary_source","https://www.gnu.org/software/coreutils/manual/html_node/mkdir-invocation.html","Author checked all three distractors against GLDW-FPR-07 and the cited primary documentation; each describes a different command, state, stream, or unsafe workflow and is not an alternate correct answer."
"Files and permissions","A developer wants to copy directory config and its contents to backup/config. Which command expresses that recursive copy?","mcq_single","cat config > backup/config","mv -n config backup/config","ln config backup/config","cp -R config backup/config","D","1","0","60","easy","linux,cp,filesystem","cp -R recursively copies directory contents to the destination.","OCT-GLDW-2026.1","GLDW-FPR-08","primary_source","https://www.gnu.org/software/coreutils/manual/html_node/cp-invocation.html","Author checked all three distractors against GLDW-FPR-08 and the cited primary documentation; each describes a different command, state, stream, or unsafe workflow and is not an alternate correct answer."
"Files and permissions","Why is rm -rf with a variable-derived path operationally dangerous?","mcq_single","A missing or unexpected variable value can recursively delete a broader location without prompts","It always changes file ownership before deleting","It sends every deleted file over the network","It can only remove empty directories","A","1","0","75","medium","linux,rm,safety","Recursive forced removal suppresses many safeguards, so scripts must validate and quote any computed target.","OCT-GLDW-2026.1","GLDW-FPR-09","primary_source","https://www.gnu.org/software/coreutils/manual/html_node/rm-invocation.html","Author checked all three distractors against GLDW-FPR-09 and the cited primary documentation; each describes a different command, state, stream, or unsafe workflow and is not an alternate correct answer."
"Files and permissions","Which command reports filesystem space usage by mounted filesystems in human-readable units?","mcq_single","du -h .","df -h","ls -h /","free -h","B","1","0","60","easy","linux,df,storage","df reports space usage for filesystems; -h selects human-readable size units.","OCT-GLDW-2026.1","GLDW-FPR-10","primary_source","https://www.gnu.org/software/coreutils/manual/html_node/df-invocation.html","Author checked all three distractors against GLDW-FPR-10 and the cited primary documentation; each describes a different command, state, stream, or unsafe workflow and is not an alternate correct answer."
"Processes and services","Which command sends the default termination signal to process ID 4242?","mcq_single","kill 4242","stop 4242","exit 4242","rm /proc/4242","A","1","0","60","easy","linux,processes,signals","kill without an explicit signal sends SIGTERM by default, requesting orderly termination.","OCT-GLDW-2026.1","GLDW-PSV-01","primary_source","https://man7.org/linux/man-pages/man1/kill.1.html","Author checked all three distractors against GLDW-PSV-01 and the cited primary documentation; each describes a different command, state, stream, or unsafe workflow and is not an alternate correct answer."
"Processes and services","Why should SIGTERM usually be attempted before SIGKILL?","mcq_single","SIGTERM allows a process to handle shutdown and clean up resources","SIGTERM always executes faster than SIGKILL","SIGKILL can be caught and ignored by the process","SIGTERM permanently prevents the process from restarting","A","1","0","75","medium","linux,signals,shutdown","A process can handle SIGTERM and release resources; SIGKILL cannot be handled and should be reserved for unresponsive cases.","OCT-GLDW-2026.1","GLDW-PSV-02","primary_source","https://man7.org/linux/man-pages/man7/signal.7.html","Author checked all three distractors against GLDW-PSV-02 and the cited primary documentation; each describes a different command, state, stream, or unsafe workflow and is not an alternate correct answer."
"Processes and services","Which command gives a continuously updating interactive view of processes on many Linux systems?","mcq_single","whoami","pwd","mount","top","D","1","0","60","easy","linux,processes,monitoring","top periodically displays process activity and system utilization until exited.","OCT-GLDW-2026.1","GLDW-PSV-03","primary_source","https://man7.org/linux/man-pages/man1/top.1.html","Author checked all three distractors against GLDW-PSV-03 and the cited primary documentation; each describes a different command, state, stream, or unsafe workflow and is not an alternate correct answer."
"Processes and services","What does running a shell command with a trailing & normally do?","mcq_single","Starts it asynchronously in the background of the current shell","Runs it with root privileges","Redirects its standard error","Repeats it until success","A","1","0","60","easy","linux,bash,jobs","The asynchronous list operator starts the command without waiting for it to finish before returning the prompt.","OCT-GLDW-2026.1","GLDW-PSV-04","primary_source","https://www.gnu.org/software/bash/manual/html_node/Lists.html","Author checked all three distractors against GLDW-PSV-04 and the cited primary documentation; each describes a different command, state, stream, or unsafe workflow and is not an alternate correct answer."
"Processes and services","Which command asks systemd for the current state and recent status information of nginx.service?","mcq_single","journalctl --vacuum nginx.service","systemctl status nginx.service","systemctl enable nginx.service","service --create nginx.service","B","1","0","60","easy","linux,systemd,status","systemctl status introspects a unit and normally includes its active state and recent log context.","OCT-GLDW-2026.1","GLDW-PSV-05","primary_source","https://www.freedesktop.org/software/systemd/man/latest/systemctl.html#status%20PATTERN%E2%80%A6","Author checked all three distractors against GLDW-PSV-05 and the cited primary documentation; each describes a different command, state, stream, or unsafe workflow and is not an alternate correct answer."
"Processes and services","What is the distinction between systemctl start and systemctl enable for a service?","mcq_single","There is no distinction","start installs it; enable downloads its source","start activates it now; enable configures activation for appropriate future boot targets","start shows logs; enable deletes logs","C","1","0","75","medium","linux,systemd,services","Starting changes current runtime state, while enabling establishes the configured boot-time links or equivalent activation policy.","OCT-GLDW-2026.1","GLDW-PSV-06","primary_source","https://www.freedesktop.org/software/systemd/man/latest/systemctl.html#start%20PATTERN%E2%80%A6","Author checked all three distractors against GLDW-PSV-06 and the cited primary documentation; each describes a different command, state, stream, or unsafe workflow and is not an alternate correct answer."
"Processes and services","Which command follows new journal entries for api.service as they arrive?","mcq_single","systemctl enable api.service -f","journalctl -u api.service -f","tail -u api.service /proc","ps -f api.service --journal","B","1","0","75","medium","linux,journalctl,logs","journalctl filters by unit with -u and follows appended entries with -f.","OCT-GLDW-2026.1","GLDW-PSV-07","primary_source","https://www.freedesktop.org/software/systemd/man/latest/journalctl.html","Author checked all three distractors against GLDW-PSV-07 and the cited primary documentation; each describes a different command, state, stream, or unsafe workflow and is not an alternate correct answer."
"Processes and services","A service repeatedly crashes after launch. Which evidence should be inspected first?","mcq_single","Only the server's wallpaper settings","A random process ID from another host","The Git commit author email alone","Its status and recent service logs, including the first reported failure","D","1","0","60","easy","linux,troubleshooting,services,logs","Service state and timestamped logs provide direct evidence about startup commands, exit codes and the earliest causal error.","OCT-GLDW-2026.1","GLDW-PSV-08","primary_source","https://www.freedesktop.org/software/systemd/man/latest/systemctl.html#status%20PATTERN%E2%80%A6","Author checked all three distractors against GLDW-PSV-08 and the cited primary documentation; each describes a different command, state, stream, or unsafe workflow and is not an alternate correct answer."
"Processes and services","What does the process ID returned by echo $! represent after starting one background pipeline from Bash?","mcq_single","The last foreground command's exit status","The current shell's user ID","The process ID associated with the most recently started asynchronous job","The number of files opened by the job","C","1","0","90","hard","linux,bash,pid,jobs","Bash stores the process ID of the most recently started asynchronous command in the ! parameter.","OCT-GLDW-2026.1","GLDW-PSV-09","primary_source","https://www.gnu.org/software/bash/manual/html_node/Special-Parameters.html","Author checked all three distractors against GLDW-PSV-09 and the cited primary documentation; each describes a different command, state, stream, or unsafe workflow and is not an alternate correct answer."
"Processes and services","Which command displays memory use statistics, including available memory, in human-readable units on typical Linux systems?","mcq_single","chmod -h","df -h","uname -h","free -h","D","1","0","60","easy","linux,memory,monitoring","free reads kernel memory accounting and -h formats values in human-readable units.","OCT-GLDW-2026.1","GLDW-PSV-10","primary_source","https://man7.org/linux/man-pages/man1/free.1.html","Author checked all three distractors against GLDW-PSV-10 and the cited primary documentation; each describes a different command, state, stream, or unsafe workflow and is not an alternate correct answer."
"Text, search and pipelines","Which command recursively searches the current tree for the fixed text timeout and includes matching line numbers?","mcq_single","cat -R timeout .","find timeout -lines .","grep -R -n -F timeout .","sed --tree timeout .","C","1","0","75","medium","linux,grep,search","grep -R recurses, -n prints line numbers, and -F treats the pattern as fixed text.","OCT-GLDW-2026.1","GLDW-TSP-01","primary_source","https://www.gnu.org/software/grep/manual/grep.html#Invoking-grep","Author checked all three distractors against GLDW-TSP-01 and the cited primary documentation; each describes a different command, state, stream, or unsafe workflow and is not an alternate correct answer."
"Text, search and pipelines","Which find command selects regular files under logs whose names end in .log?","mcq_single","find logs -type f -name '*.log'","find logs -type d -name '*.log'","grep logs --files '.log'","ls logs -content '*.log'","A","1","0","75","medium","linux,find,search","find evaluates each path; -type f restricts results to regular files and -name matches the basename pattern.","OCT-GLDW-2026.1","GLDW-TSP-02","primary_source","https://www.gnu.org/software/findutils/manual/html_mono/find.html#Primary-Index","Author checked all three distractors against GLDW-TSP-02 and the cited primary documentation; each describes a different command, state, stream, or unsafe workflow and is not an alternate correct answer."
"Text, search and pipelines","What does sort names.txt | uniq produce when duplicate names are identical lines?","mcq_single","The number of characters in each name","Only lines that were already unique before sorting","One copy of each line in sorted order","A file with duplicates added","C","1","0","60","easy","linux,sort,uniq,pipeline","Sorting makes equal lines adjacent, and uniq then collapses each adjacent run to one line.","OCT-GLDW-2026.1","GLDW-TSP-03","primary_source","https://www.gnu.org/software/coreutils/manual/html_node/uniq-invocation.html","Author checked all three distractors against GLDW-TSP-03 and the cited primary documentation; each describes a different command, state, stream, or unsafe workflow and is not an alternate correct answer."
"Text, search and pipelines","Which command counts the number of lines read from access.log?","mcq_single","stat -l access.log","wc -l access.log","head -l access.log","grep -l access.log","B","1","0","60","easy","linux,wc,text","wc -l reports newline counts, conventionally used as a line count for text files.","OCT-GLDW-2026.1","GLDW-TSP-04","primary_source","https://www.gnu.org/software/coreutils/manual/html_node/wc-invocation.html","Author checked all three distractors against GLDW-TSP-04 and the cited primary documentation; each describes a different command, state, stream, or unsafe workflow and is not an alternate correct answer."
"Text, search and pipelines","Which command prints the first 20 lines of server.log?","mcq_single","head -n 20 server.log","tail -n 20 server.log","cut -n 20 server.log","less -n 20 server.log","A","1","0","60","easy","linux,head,logs","head selects the beginning of input; -n 20 requests twenty lines.","OCT-GLDW-2026.1","GLDW-TSP-05","primary_source","https://www.gnu.org/software/coreutils/manual/html_node/head-invocation.html","Author checked all three distractors against GLDW-TSP-05 and the cited primary documentation; each describes a different command, state, stream, or unsafe workflow and is not an alternate correct answer."
"Text, search and pipelines","Which command follows appended lines in app.log until interrupted?","mcq_single","head -f app.log","cat -r app.log","tail -f app.log","wc -f app.log","C","1","0","60","easy","linux,tail,logs","tail -f keeps the file open and emits data as it grows.","OCT-GLDW-2026.1","GLDW-TSP-06","primary_source","https://www.gnu.org/software/coreutils/manual/html_node/tail-invocation.html","Author checked all three distractors against GLDW-TSP-06 and the cited primary documentation; each describes a different command, state, stream, or unsafe workflow and is not an alternate correct answer."
"Text, search and pipelines","A comma-separated file has a simple header and no quoted commas. Which command extracts its third field from each line?","mcq_single","head -d',' -f3 file.csv","sort -d',' -f3 file.csv","cut -d',' -f3 file.csv","wc -d',' -f3 file.csv","C","1","0","75","medium","linux,cut,text","cut uses -d to choose the delimiter and -f to select fields; complex CSV requires a real CSV parser.","OCT-GLDW-2026.1","GLDW-TSP-07","primary_source","https://www.gnu.org/software/coreutils/manual/html_node/cut-invocation.html","Author checked all three distractors against GLDW-TSP-07 and the cited primary documentation; each describes a different command, state, stream, or unsafe workflow and is not an alternate correct answer."
"Text, search and pipelines","What does tee result.txt do in command | tee result.txt | next?","mcq_single","Sends input only to standard error","Reads result.txt and discards pipeline input","Copies its input to result.txt and also passes it to standard output","Encrypts result.txt before next runs","C","1","0","75","medium","linux,tee,pipeline","tee duplicates the incoming stream to named files and its standard output, allowing observation or capture mid-pipeline.","OCT-GLDW-2026.1","GLDW-TSP-08","primary_source","https://www.gnu.org/software/coreutils/manual/html_node/tee-invocation.html","Author checked all three distractors against GLDW-TSP-08 and the cited primary documentation; each describes a different command, state, stream, or unsafe workflow and is not an alternate correct answer."
"Text, search and pipelines","Why can grep 'pattern' *.log fail with an argument-list error in a directory containing extremely many matching filenames?","mcq_single","The shell expands the wildcard before grep starts, potentially exceeding the system argument-size limit","grep can read only one file per invocation","The quotes disable grep's regular expression engine","Linux prohibits wildcard use with log files","A","1","0","90","hard","linux,shell,globbing,grep","Pathname expansion is performed by the shell and all expanded names become process arguments, which have a system size limit.","OCT-GLDW-2026.1","GLDW-TSP-09","primary_source","https://www.gnu.org/software/bash/manual/html_node/Filename-Expansion.html","Author checked all three distractors against GLDW-TSP-09 and the cited primary documentation; each describes a different command, state, stream, or unsafe workflow and is not an alternate correct answer."
"Text, search and pipelines","Which pipeline prints the five most frequent exact lines in events.txt with counts, highest first?","mcq_single","sort events.txt | uniq -c | sort -nr | head -n 5","uniq events.txt | wc -l | tail -n 5","head -n 5 events.txt | sort -u","sort -r events.txt | cut -c 5","A","1","0","90","hard","linux,sort,uniq,pipeline","The first sort groups equal lines, uniq -c counts them, numeric reverse sort ranks the counts, and head selects five.","OCT-GLDW-2026.1","GLDW-TSP-10","primary_source","https://www.gnu.org/software/coreutils/manual/html_node/sort-invocation.html","Author checked all three distractors against GLDW-TSP-10 and the cited primary documentation; each describes a different command, state, stream, or unsafe workflow and is not an alternate correct answer."
"Operational troubleshooting","A command works interactively but fails from a scheduled job with command not found. What should be checked first?","mcq_single","The job's PATH and use of explicit executable paths","The monitor's screen resolution","The Git branch name on a laptop","The file's creation month","A","1","0","75","medium","linux,path,automation,troubleshooting","Noninteractive jobs often receive a smaller environment, so PATH differences commonly explain executable lookup failures.","OCT-GLDW-2026.1","GLDW-OTR-01","primary_source","https://www.gnu.org/software/bash/manual/html_node/Command-Search-and-Execution.html","Author checked all three distractors against GLDW-OTR-01 and the cited primary documentation; each describes a different command, state, stream, or unsafe workflow and is not an alternate correct answer."
"Operational troubleshooting","An application reports permission denied opening /srv/app/config.yml. Which sequence is safest?","mcq_single","Disable authentication in the application","Inspect each path component's ownership and mode before making the smallest necessary permission change","Delete and recreate the entire /srv tree","Immediately run chmod -R 777 /srv","B","1","0","90","medium","linux,permissions,troubleshooting,safety","Evidence-driven inspection avoids broad permissions that expose unrelated data; directory traversal and file access both matter.","OCT-GLDW-2026.1","GLDW-OTR-02","primary_source","https://man7.org/linux/man-pages/man7/path_resolution.7.html","Author checked all three distractors against GLDW-OTR-02 and the cited primary documentation; each describes a different command, state, stream, or unsafe workflow and is not an alternate correct answer."
"Operational troubleshooting","Disk space is nearly exhausted. Which pair best distinguishes filesystem capacity from per-directory usage?","mcq_single","Use chmod for capacity and chown for usage","Use ps for capacity and kill for usage","Use df for filesystem capacity and du for directory/file usage","Use git status for capacity and git diff for usage","C","1","0","75","medium","linux,storage,df,du","df reports filesystem-level allocation, while du totals space attributable to selected paths.","OCT-GLDW-2026.1","GLDW-OTR-03","primary_source","https://www.gnu.org/software/coreutils/manual/html_node/df-invocation.html","Author checked all three distractors against GLDW-OTR-03 and the cited primary documentation; each describes a different command, state, stream, or unsafe workflow and is not an alternate correct answer."
"Operational troubleshooting","A log-processing pipeline produced no output. What is the most informative first diagnostic?","mcq_single","Add sudo to every stage","Run and inspect each stage with a small known input, checking exit status and stderr","Delete all source logs","Repeat the pipeline indefinitely without changes","B","1","0","75","medium","linux,pipeline,troubleshooting","Isolating stages reveals the first incorrect assumption or failure while preserving error evidence.","OCT-GLDW-2026.1","GLDW-OTR-04","primary_source","https://www.gnu.org/software/bash/manual/html_node/Pipelines.html","Author checked all three distractors against GLDW-OTR-04 and the cited primary documentation; each describes a different command, state, stream, or unsafe workflow and is not an alternate correct answer."
"Operational troubleshooting","A deployment script must stop if a critical command fails. Which approach directly checks that command's result?","mcq_single","Assume every command returns success","Check whether the command printed any text","Use an explicit if condition or an && chain around the critical command","Run the critical command only in the background","C","1","0","75","medium","linux,bash,exit-status,automation","Shell control flow should respond to the command's exit status; output presence is not a reliable success signal.","OCT-GLDW-2026.1","GLDW-OTR-05","primary_source","https://www.gnu.org/software/bash/manual/html_node/Lists.html","Author checked all three distractors against GLDW-OTR-05 and the cited primary documentation; each describes a different command, state, stream, or unsafe workflow and is not an alternate correct answer."
"Operational troubleshooting","After editing a systemd unit file on disk, which command tells the manager to reload unit definitions?","mcq_single","systemctl daemon-reload","systemctl reload-daemon.service","journalctl --reload","service daemon --install","A","1","0","75","medium","linux,systemd,configuration","daemon-reload makes systemd reread unit files; restarting or reloading the affected service is a separate action.","OCT-GLDW-2026.1","GLDW-OTR-06","primary_source","https://www.freedesktop.org/software/systemd/man/latest/systemctl.html#daemon-reload","Author checked all three distractors against GLDW-OTR-06 and the cited primary documentation; each describes a different command, state, stream, or unsafe workflow and is not an alternate correct answer."
"Operational troubleshooting","A TCP client receives connection refused immediately. Which condition is most consistent with that response?","mcq_single","DNS always returned an IPv6 address","The destination was reachable but no service accepted the connection on that address and port, or a firewall actively rejected it","The local disk is full in every case","Git has an unresolved merge conflict","B","1","0","90","hard","linux,networking,troubleshooting","Refusal indicates an active negative response, commonly because nothing is listening or a policy rejects the connection; timeout suggests a different path.","OCT-GLDW-2026.1","GLDW-OTR-07","primary_source","https://man7.org/linux/man-pages/man2/connect.2.html","Author checked all three distractors against GLDW-OTR-07 and the cited primary documentation; each describes a different command, state, stream, or unsafe workflow and is not an alternate correct answer."
"Operational troubleshooting","A script passes an unchecked TARGET variable to rm -rf and TARGET may be empty. Which preventive control is strongest before removal?","mcq_single","Validate that TARGET is nonempty and matches an allowed base path, then quote it","Remove the quotes so the shell can decide","Run the script as root to avoid errors","Suppress standard error","A","1","0","90","hard","linux,bash,rm,safety","Destructive scripts should enforce path invariants and quote expansions; privilege and suppressed errors increase risk.","OCT-GLDW-2026.1","GLDW-OTR-08","primary_source","https://www.gnu.org/software/coreutils/manual/html_node/rm-invocation.html","Author checked all three distractors against GLDW-OTR-08 and the cited primary documentation; each describes a different command, state, stream, or unsafe workflow and is not an alternate correct answer."
"Operational troubleshooting","An engineer needs to share diagnostic output that may contain tokens. What should happen before attaching it to a ticket?","mcq_single","Replace all error messages with success messages","Review and redact secrets while retaining timestamps, errors and relevant context","Post the complete environment immediately","Delete timestamps and component names","B","1","0","60","easy","linux,logs,security,troubleshooting","Useful evidence can be preserved while credentials, tokens and personal data are removed according to policy.","OCT-GLDW-2026.1","GLDW-OTR-09","primary_source","https://www.freedesktop.org/software/systemd/man/latest/systemd.exec.html#Credentials","Author checked all three distractors against GLDW-OTR-09 and the cited primary documentation; each describes a different command, state, stream, or unsafe workflow and is not an alternate correct answer."
"Operational troubleshooting","A production command could modify many files. Which workflow best reduces risk?","mcq_single","Combine it with unrelated cleanup commands","Preview the exact target set, test on a safe subset or dry run, back up where needed, then execute with verification","Hide its output and skip validation","Run it as root from an unreviewed chat snippet","B","1","0","75","medium","linux,operations,safety","Constrained scope, preview, recovery planning and post-action verification reduce both likelihood and impact of mistakes.","OCT-GLDW-2026.1","GLDW-OTR-10","primary_source","https://www.gnu.org/software/coreutils/manual/html_node/rm-invocation.html","Author checked all three distractors against GLDW-OTR-10 and the cited primary documentation; each describes a different command, state, stream, or unsafe workflow and is not an alternate correct answer."
